ticker,earnings_date
AAPL,2026-10-30
ABNB,2026-11-06
ADBE,2026-09-11
ADI,2026-08-19
ADP,2026-10-28
ADSK,2026-08-28
AEP,2026-10-29
AMAT,2026-11-13
AMD,2026-11-04
AMGN,2026-11-04
AMZN,2026-10-30
APP,2026-11-05
AVGO,2026-09-03
AXON,2026-11-04
BKNG,2026-10-28
BKR,2026-10-23
CDNS,2026-10-27
CEG,2026-11-09
CHTR,2026-10-30
CMCSA,2026-10-29
COST,2026-09-25
CPRT,2026-09-04
CRWD,2026-08-27
CSCO,2026-11-13
CSGP,2026-10-28
CSX,2026-10-23
CTAS,2026-09-23
CTSH,2026-10-28
DASH,2026-11-05
DDOG,2026-11-05
DXCM,2026-10-30
EXC,2026-07-30
FANG,2026-11-03
FAST,2026-10-14
FTNT,2026-11-05
GEHC,2026-10-28
GILD,2026-10-30
GOOG,2026-10-29
GOOGL,2026-10-29
HON,2026-10-22
IDXX,2026-11-02
INTC,2026-10-23
INTU,2026-08-26
ISRG,2026-10-21
KDP,2026-10-26
KHC,2026-10-28
KLAC,2026-10-29
LIN,2026-10-30
LRCX,2026-10-22
MAR,2026-11-03
MCHP,2026-11-06
MDLZ,2026-10-28
META,2026-10-29
MNST,2026-11-06
MPWR,2026-10-30
MRVL,2026-08-28
MSFT,2026-10-29
MU,2026-09-24
NFLX,2026-10-21
NVDA,2026-08-27
NXPI,2026-10-27
ODFL,2026-10-28
ORLY,2026-10-29
PANW,2026-09-02
PAYX,2026-09-29
PCAR,2026-10-27
PEP,2026-10-08
PLTR,2026-11-03
PYPL,2026-10-27
QCOM,2026-10-30
REGN,2026-10-28
ROP,2026-10-22
ROST,2026-08-21
SBUX,2026-10-29
SNPS,2026-08-27
STX,2026-10-28
TMUS,2026-10-22
TSLA,2026-10-22
TTWO,2026-08-07
TXN,2026-10-28
VRSK,2026-10-28
VRTX,2026-11-03
WBD,2026-11-05
WDAY,2026-08-28
WDC,2026-11-06
WMT,2026-08-20
XEL,2026-10-29
ALNY,2026-10-29
ARM,2026-11-05
ASML,2026-10-14
CCEP,2026-08-04
EA,2026-11-04
FER,2026-10-28
INSM,2026-10-29
MELI,2026-11-05
MSTR,2026-10-30
PDD,2026-08-24
SHOP,2026-11-03
TEAM,2026-10-30
TRI,2026-11-03
ZS,2026-09-04
A,2026-08-27
ABBV,2026-10-29
ABT,2026-10-14
ACGL,2026-10-27
ACN,2026-10-01
ADM,2026-11-03
AEE,2026-07-31
AES,2026-11-05
AFL,2026-11-05
AIG,2026-11-05
AIZ,2026-11-04
AJG,2026-10-30
AKAM,2026-11-06
ALB,2026-11-05
ALGN,2026-10-29
ALL,2026-11-05
ALLE,2026-10-22
AMCR,2026-11-05
AME,2026-10-29
AMP,2026-10-29
AMT,2026-10-27
ANET,2026-11-04
AON,2026-10-30
AOS,2026-10-27
APA,2026-11-05
APD,2026-07-30
APH,2026-10-28
APO,2026-11-03
APTV,2026-10-29
ARE,2026-10-27
ARES,2026-07-31
ATO,2026-11-05
AVB,2026-10-29
AVY,2026-10-21
AWK,2026-10-29
AXP,2026-10-23
AZO,2026-09-22
BA,2026-10-28
BAC,2026-10-14
BALL,2026-11-03
BAX,2026-10-29
BBY,2026-08-27
BDX,2026-11-05
BEN,2026-07-31
BF-B,2026-09-02
BG,2026-07-29
BIIB,2026-10-29
BLDR,2026-10-29
BLK,2026-10-14
BMY,2026-10-29
BNY,2026-10-15
BR,2026-11-03
BRK-B,2026-11-08
BRO,2026-10-27
BSX,2026-10-28
BX,2026-10-22
BXP,2026-10-28
C,2026-10-13
CAH,2026-11-05
CARR,2026-10-27
CASY,2026-09-10
CAT,2026-10-29
CB,2026-10-28
CBOE,2026-10-30
CBRE,2026-10-22
CCI,2026-10-22
CCL,2026-09-28
CDW,2026-11-03
CF,2026-11-05
CFG,2026-10-16
CHD,2026-10-30
CHRW,2026-10-29
CI,2026-07-30
CIEN,2026-09-03
CINF,2026-10-27
CL,2026-10-30
CLX,2026-11-04
CME,2026-10-21
CMG,2026-07-30
CMI,2026-11-05
CMS,2026-10-29
CNC,2026-10-27
CNP,2026-10-22
COF,2026-10-21
COHR,2026-11-05
COIN,2026-10-30
COO,2026-09-10
COP,2026-11-05
COR,2026-11-04
CPAY,2026-11-05
CPT,2026-07-31
CRH,2026-10-29
CRL,2026-11-04
CRM,2026-08-27
CTVA,2026-07-31
CVNA,2026-10-29
CVS,2026-10-28
CVX,2026-10-30
D,2026-10-30
DAL,2026-10-08
DD,2026-11-05
DE,2026-08-20
DECK,2026-10-23
DELL,2026-09-02
DG,2026-08-27
DGX,2026-10-20
DHI,2026-10-29
DHR,2026-10-20
DIS,2026-11-12
DLR,2026-10-23
DLTR,2026-08-27
DOC,2026-10-23
DOV,2026-10-22
DOW,2026-10-22
DPZ,2026-10-13
DRI,2026-09-24
DTE,2026-10-29
DUK,2026-11-05
DVA,2026-10-29
DVN,2026-11-05
EBAY,2026-11-05
ECHO,2026-08-03
ECL,2026-10-27
ED,2026-11-06
EFX,2026-10-20
EG,2026-10-29
EIX,2026-10-28
EL,2026-08-19
ELV,2026-10-21
EME,2026-10-29
EMR,2026-11-05
EOG,2026-08-05
EQIX,2026-10-29
EQR,2026-10-22
EQT,2026-10-21
ERIE,2026-10-30
ES,2026-11-05
ESS,2026-10-28
ETN,2026-11-03
ETR,2026-10-29
EVRG,2026-11-05
EW,2026-10-30
EXE,2026-10-28
EXPD,2026-11-03
EXPE,2026-11-06
EXR,2026-10-29
F,2026-10-23
FCX,2026-10-22
FDS,2026-09-17
FDX,2026-10-29
FDXF,2026-10-29
FE,2026-10-22
FERG,2026-11-09
FFIV,2026-10-27
FICO,2026-07-30
FIS,2026-11-04
FISV,2026-10-28
FITB,2026-10-19
FIX,2026-10-23
FLEX,2026-10-28
FOX,2026-10-29
FOXA,2026-10-29
FRT,2026-10-30
FSLR,2026-10-30
FTV,2026-10-28
GD,2026-10-28
GDDY,2026-10-30
GE,2026-10-20
GEN,2026-11-06
GEV,2026-10-28
GIS,2026-09-23
GL,2026-10-22
GLW,2026-10-27
GM,2026-10-20
GNRC,2026-10-28
GPC,2026-10-20
GPN,2026-11-03
GRMN,2026-10-28
GS,2026-10-13
GWW,2026-11-04
HAL,2026-10-20
HAS,2026-10-22
HBAN,2026-10-22
HCA,2026-10-23
HD,2026-11-17
HIG,2026-10-30
HII,2026-10-29
HLT,2026-10-28
HONA,2026-11-05
HOOD,2026-11-05
HPE,2026-09-03
HPQ,2026-08-27
HRL,2026-08-27
HSIC,2026-11-03
HST,2026-11-05
HSY,2026-11-05
HUBB,2026-10-27
HUM,2026-07-29
HWM,2026-11-05
IBKR,2026-10-21
IBM,2026-10-22
ICE,2026-10-29
IEX,2026-10-28
IFF,2026-11-04
INCY,2026-10-27
INVH,2026-10-29
IP,2026-10-28
IQV,2026-07-28
IR,2026-10-30
IRM,2026-11-04
IT,2026-11-03
ITW,2026-10-23
IVZ,2026-10-27
J,2026-08-05
JBHT,2026-10-15
JBL,2026-09-24
JCI,2026-07-29
JKHY,2026-11-04
JNJ,2026-10-13
JPM,2026-10-13
KEY,2026-10-20
KEYS,2026-08-19
KIM,2026-10-29
KKR,2026-11-05
KMB,2026-11-03
KMI,2026-10-29
KO,2026-10-20
KR,2026-09-11
KVUE,2026-11-05
L,2026-11-02
LDOS,2026-11-03
LEN,2026-09-18
LH,2026-11-03
LHX,2026-10-29
LII,2026-10-28
LITE,2026-11-06
LLY,2026-10-29
LMT,2026-10-20
LNT,2026-07-31
LOW,2026-08-19
LULU,2026-09-04
LUV,2026-10-22
LVS,2026-10-22
LYB,2026-10-30
LYV,2026-07-31
MA,2026-10-29
MAA,2026-10-29
MAS,2026-10-29
MCD,2026-11-05
MCK,2026-11-05
MCO,2026-10-21
MDT,2026-09-01
MET,2026-08-06
MGM,2026-10-29
MKC,2026-10-06
MLM,2026-07-30
MMM,2026-10-20
MO,2026-10-29
MOS,2026-11-04
MPC,2026-11-03
MRK,2026-10-29
MRNA,2026-11-05
MRSH,2026-10-15
MS,2026-10-14
MSCI,2026-10-20
MSI,2026-11-06
MTB,2026-10-16
MTD,2026-07-31
NCLH,2026-07-30
NDAQ,2026-10-22
NDSN,2026-08-20
NEE,2026-10-27
NEM,2026-10-23
NI,2026-10-28
NKE,2026-09-30
NOC,2026-10-20
NOW,2026-10-29
NRG,2026-11-05
NSC,2026-10-22
NTAP,2026-09-03
NTRS,2026-10-21
NUE,2026-10-27
NVR,2026-10-21
NWS,2026-11-06
NWSA,2026-11-06
O,2026-11-03
OKE,2026-10-28
OMC,2026-10-21
ON,2026-11-02
ORCL,2026-09-11
OTIS,2026-10-28
OXY,2026-08-06
PCG,2026-10-22
PEG,2026-11-02
PFE,2026-11-03
PFG,2026-10-27
PG,2026-10-22
PGR,2026-10-14
PH,2026-11-05
PHM,2026-10-20
PKG,2026-10-22
PLD,2026-10-14
PM,2026-10-21
PNC,2026-10-15
PNR,2026-10-20
PNW,2026-11-03
PODD,2026-11-05
PPG,2026-10-28
PPL,2026-11-04
PRU,2026-10-29
PSA,2026-10-29
PSKY,2026-08-05
PSX,2026-10-29
PTC,2026-07-30
PWR,2026-10-29
Q,2026-08-04
RCL,2026-10-27
REG,2026-10-29
RF,2026-10-16
RJF,2026-10-29
RL,2026-11-05
RMD,2026-10-30
ROK,2026-11-05
ROL,2026-10-29
RSG,2026-10-30
RTX,2026-10-20
RVTY,2026-10-26
SBAC,2026-11-03
SCHW,2026-10-15
SHW,2026-10-27
SJM,2026-08-26
SLB,2026-10-23
SMCI,2026-11-04
SNA,2026-10-15
SNDK,2026-11-07
SO,2026-10-29
SOLV,2026-11-06
SPG,2026-11-03
SPGI,2026-10-29
SRE,2026-11-04
STE,2026-11-05
STLD,2026-10-20
STT,2026-10-14
STZ,2026-10-06
SW,2026-10-28
SWK,2026-07-29
SWKS,2026-11-04
SYF,2026-10-14
SYK,2026-10-30
SYY,2026-11-03
T,2026-10-21
TAP,2026-11-03
TDG,2026-11-05
TDY,2026-10-21
TECH,2026-11-09
TEL,2026-10-28
TER,2026-10-22
TFC,2026-10-16
TGT,2026-08-19
TJX,2026-08-19
TKO,2026-08-04
TMO,2026-10-21
TPL,2026-11-05
TPR,2026-11-05
TRGP,2026-11-05
TRMB,2026-11-04
TROW,2026-10-30
TRV,2026-10-15
TSCO,2026-10-22
TSN,2026-08-03
TT,2026-10-29
TTD,2026-11-06
TXT,2026-10-22
TYL,2026-10-29
UAL,2026-10-22
UBER,2026-11-03
UDR,2026-10-29
UHS,2026-10-27
ULTA,2026-08-28
UNH,2026-10-27
UNP,2026-10-22
UPS,2026-10-27
URI,2026-10-22
USB,2026-10-15
V,2026-10-28
VEEV,2026-08-27
VICI,2026-10-30
VLO,2026-10-22
VLTO,2026-10-22
VMC,2026-10-29
VRSN,2026-10-23
VRT,2026-10-21
VST,2026-11-05
VTR,2026-10-29
VTRS,2026-11-05
VZ,2026-10-20
WAB,2026-10-21
WAT,2026-10-30
WEC,2026-10-29
WELL,2026-10-27
WFC,2026-10-13
WM,2026-10-27
WMB,2026-11-03
WRB,2026-10-20
WSM,2026-08-26
WST,2026-10-22
WTW,2026-10-29
WY,2026-10-30
WYNN,2026-11-06
XOM,2026-10-30
XYL,2026-07-28
XYZ,2026-08-06
YUM,2026-07-30
ZBH,2026-11-05
ZBRA,2026-11-03
ZTS,2026-11-03
